,BayesianRidge,KNeighbors,Linear,NeuralNetwork,DecisionTree
0,0.6417910447761194,0.5074626865671642,0.6417910447761194,0.5970149253731343,0.5671641791044776
